panel,param,value,scenario_id,n_sim,seed_method,max_lifespan
heterogeneity,eta,0.0,central,1000000,common_random_numbers_for_heterogeneity_ci_scenarios,106.3
heterogeneity,eta,0.0,eta_ci_lower,1000000,common_random_numbers_for_heterogeneity_ci_scenarios,107.3
heterogeneity,eta,0.0,eta_ci_upper,1000000,common_random_numbers_for_heterogeneity_ci_scenarios,105.6
heterogeneity,eta,0.01,central,1000000,common_random_numbers_for_heterogeneity_ci_scenarios,106.6000100000063
heterogeneity,eta,0.01,eta_ci_lower,1000000,common_random_numbers_for_heterogeneity_ci_scenarios,107.4
heterogeneity,eta,0.01,eta_ci_upper,1000000,common_random_numbers_for_heterogeneity_ci_scenarios,105.8000100000063
heterogeneity,eta,0.02,central,1000000,common_random_numbers_for_heterogeneity_ci_scenarios,107.6
heterogeneity,eta,0.02,eta_ci_lower,1000000,common_random_numbers_for_heterogeneity_ci_scenarios,108.7
heterogeneity,eta,0.02,eta_ci_upper,1000000,common_random_numbers_for_heterogeneity_ci_scenarios,106.5
heterogeneity,eta,0.03,central,1000000,common_random_numbers_for_heterogeneity_ci_scenarios,109.5000100000063
heterogeneity,eta,0.03,eta_ci_lower,1000000,common_random_numbers_for_heterogeneity_ci_scenarios,110.0
heterogeneity,eta,0.03,eta_ci_upper,1000000,common_random_numbers_for_heterogeneity_ci_scenarios,108.7
heterogeneity,eta,0.04,central,1000000,common_random_numbers_for_heterogeneity_ci_scenarios,111.4
heterogeneity,eta,0.04,eta_ci_lower,1000000,common_random_numbers_for_heterogeneity_ci_scenarios,112.2000100000063
heterogeneity,eta,0.04,eta_ci_upper,1000000,common_random_numbers_for_heterogeneity_ci_scenarios,110.6
heterogeneity,eta,0.05,central,1000000,common_random_numbers_for_heterogeneity_ci_scenarios,114.2
heterogeneity,eta,0.05,eta_ci_lower,1000000,common_random_numbers_for_heterogeneity_ci_scenarios,114.9000100000063
heterogeneity,eta,0.05,eta_ci_upper,1000000,common_random_numbers_for_heterogeneity_ci_scenarios,113.3
heterogeneity,eta,0.06,central,1000000,common_random_numbers_for_heterogeneity_ci_scenarios,117.0000100000063
heterogeneity,eta,0.06,eta_ci_lower,1000000,common_random_numbers_for_heterogeneity_ci_scenarios,118.1
heterogeneity,eta,0.06,eta_ci_upper,1000000,common_random_numbers_for_heterogeneity_ci_scenarios,116.3000100000063
heterogeneity,eta,0.07,central,1000000,common_random_numbers_for_heterogeneity_ci_scenarios,121.5
heterogeneity,eta,0.07,eta_ci_lower,1000000,common_random_numbers_for_heterogeneity_ci_scenarios,122.3
heterogeneity,eta,0.07,eta_ci_upper,1000000,common_random_numbers_for_heterogeneity_ci_scenarios,120.5
heterogeneity,eta,0.08,central,1000000,common_random_numbers_for_heterogeneity_ci_scenarios,125.7
heterogeneity,eta,0.08,eta_ci_lower,1000000,common_random_numbers_for_heterogeneity_ci_scenarios,126.3000100000063
heterogeneity,eta,0.08,eta_ci_upper,1000000,common_random_numbers_for_heterogeneity_ci_scenarios,124.6000100000063
heterogeneity,eta,0.09,central,1000000,common_random_numbers_for_heterogeneity_ci_scenarios,130.9
heterogeneity,eta,0.09,eta_ci_lower,1000000,common_random_numbers_for_heterogeneity_ci_scenarios,132.4000100000063
heterogeneity,eta,0.09,eta_ci_upper,1000000,common_random_numbers_for_heterogeneity_ci_scenarios,129.1000200000126
heterogeneity,eta,0.1,central,1000000,common_random_numbers_for_heterogeneity_ci_scenarios,137.3000100000063
heterogeneity,eta,0.1,eta_ci_lower,1000000,common_random_numbers_for_heterogeneity_ci_scenarios,138.5
heterogeneity,eta,0.1,eta_ci_upper,1000000,common_random_numbers_for_heterogeneity_ci_scenarios,135.8
heterogeneity,eta,0.11,central,1000000,common_random_numbers_for_heterogeneity_ci_scenarios,142.9000200000126
heterogeneity,eta,0.11,eta_ci_lower,1000000,common_random_numbers_for_heterogeneity_ci_scenarios,143.70001000000627
heterogeneity,eta,0.11,eta_ci_upper,1000000,common_random_numbers_for_heterogeneity_ci_scenarios,142.00001000000628
heterogeneity,eta,0.12,central,1000000,common_random_numbers_for_heterogeneity_ci_scenarios,150.9000100000063
heterogeneity,eta,0.12,eta_ci_lower,1000000,common_random_numbers_for_heterogeneity_ci_scenarios,151.5
heterogeneity,eta,0.12,eta_ci_upper,1000000,common_random_numbers_for_heterogeneity_ci_scenarios,150.3
heterogeneity,eta,0.13,central,1000000,common_random_numbers_for_heterogeneity_ci_scenarios,159.00001000000628
heterogeneity,eta,0.13,eta_ci_lower,1000000,common_random_numbers_for_heterogeneity_ci_scenarios,161.4000100000063
heterogeneity,eta,0.13,eta_ci_upper,1000000,common_random_numbers_for_heterogeneity_ci_scenarios,158.3
heterogeneity,eta,0.14,central,1000000,common_random_numbers_for_heterogeneity_ci_scenarios,169.4000100000063
heterogeneity,eta,0.14,eta_ci_lower,1000000,common_random_numbers_for_heterogeneity_ci_scenarios,168.4000200000126
heterogeneity,eta,0.14,eta_ci_upper,1000000,common_random_numbers_for_heterogeneity_ci_scenarios,167.8
heterogeneity,eta,0.15,central,1000000,common_random_numbers_for_heterogeneity_ci_scenarios,180.6000200000126
heterogeneity,eta,0.15,eta_ci_lower,1000000,common_random_numbers_for_heterogeneity_ci_scenarios,180.3000100000063
heterogeneity,eta,0.15,eta_ci_upper,1000000,common_random_numbers_for_heterogeneity_ci_scenarios,178.2000200000126
heterogeneity,eta,0.16,central,1000000,common_random_numbers_for_heterogeneity_ci_scenarios,197.1
heterogeneity,eta,0.16,eta_ci_lower,1000000,common_random_numbers_for_heterogeneity_ci_scenarios,197.60001000000628
heterogeneity,eta,0.16,eta_ci_upper,1000000,common_random_numbers_for_heterogeneity_ci_scenarios,194.20006000003775
heterogeneity,eta,0.17,central,1000000,common_random_numbers_for_heterogeneity_ci_scenarios,208.4000100000063
heterogeneity,eta,0.17,eta_ci_lower,1000000,common_random_numbers_for_heterogeneity_ci_scenarios,210.50005000003148
heterogeneity,eta,0.17,eta_ci_upper,1000000,common_random_numbers_for_heterogeneity_ci_scenarios,209.10003000001888
heterogeneity,eta,0.18,central,1000000,common_random_numbers_for_heterogeneity_ci_scenarios,229.70001000000627
heterogeneity,eta,0.18,eta_ci_lower,1000000,common_random_numbers_for_heterogeneity_ci_scenarios,232.9000100000063
heterogeneity,eta,0.18,eta_ci_upper,1000000,common_random_numbers_for_heterogeneity_ci_scenarios,229.00008000005036
heterogeneity,eta,0.19,central,1000000,common_random_numbers_for_heterogeneity_ci_scenarios,261.5000100000063
heterogeneity,eta,0.19,eta_ci_lower,1000000,common_random_numbers_for_heterogeneity_ci_scenarios,263.3000200000126
heterogeneity,eta,0.19,eta_ci_upper,1000000,common_random_numbers_for_heterogeneity_ci_scenarios,257.6000500000315
heterogeneity,eta,0.2,central,1000000,common_random_numbers_for_heterogeneity_ci_scenarios,290.8000500000315
heterogeneity,eta,0.2,eta_ci_lower,1000000,common_random_numbers_for_heterogeneity_ci_scenarios,293.9000300000189
heterogeneity,eta,0.2,eta_ci_upper,1000000,common_random_numbers_for_heterogeneity_ci_scenarios,284.40005000003146
heterogeneity,beta,0.0,central,1000000,common_random_numbers_for_heterogeneity_ci_scenarios,106.3
heterogeneity,beta,0.0,beta_ci_lower,1000000,common_random_numbers_for_heterogeneity_ci_scenarios,105.6
heterogeneity,beta,0.0,beta_ci_upper,1000000,common_random_numbers_for_heterogeneity_ci_scenarios,107.2
heterogeneity,beta,0.01,central,1000000,common_random_numbers_for_heterogeneity_ci_scenarios,106.7
heterogeneity,beta,0.01,beta_ci_lower,1000000,common_random_numbers_for_heterogeneity_ci_scenarios,105.9
heterogeneity,beta,0.01,beta_ci_upper,1000000,common_random_numbers_for_heterogeneity_ci_scenarios,107.5
heterogeneity,beta,0.02,central,1000000,common_random_numbers_for_heterogeneity_ci_scenarios,107.4
heterogeneity,beta,0.02,beta_ci_lower,1000000,common_random_numbers_for_heterogeneity_ci_scenarios,106.5
heterogeneity,beta,0.02,beta_ci_upper,1000000,common_random_numbers_for_heterogeneity_ci_scenarios,108.3
heterogeneity,beta,0.03,central,1000000,common_random_numbers_for_heterogeneity_ci_scenarios,108.9
heterogeneity,beta,0.03,beta_ci_lower,1000000,common_random_numbers_for_heterogeneity_ci_scenarios,107.9
heterogeneity,beta,0.03,beta_ci_upper,1000000,common_random_numbers_for_heterogeneity_ci_scenarios,109.8
heterogeneity,beta,0.04,central,1000000,common_random_numbers_for_heterogeneity_ci_scenarios,110.5
heterogeneity,beta,0.04,beta_ci_lower,1000000,common_random_numbers_for_heterogeneity_ci_scenarios,110.0
heterogeneity,beta,0.04,beta_ci_upper,1000000,common_random_numbers_for_heterogeneity_ci_scenarios,111.2000100000063
heterogeneity,beta,0.05,central,1000000,common_random_numbers_for_heterogeneity_ci_scenarios,112.6
heterogeneity,beta,0.05,beta_ci_lower,1000000,common_random_numbers_for_heterogeneity_ci_scenarios,111.9
heterogeneity,beta,0.05,beta_ci_upper,1000000,common_random_numbers_for_heterogeneity_ci_scenarios,113.7
heterogeneity,beta,0.06,central,1000000,common_random_numbers_for_heterogeneity_ci_scenarios,115.1
heterogeneity,beta,0.06,beta_ci_lower,1000000,common_random_numbers_for_heterogeneity_ci_scenarios,114.2
heterogeneity,beta,0.06,beta_ci_upper,1000000,common_random_numbers_for_heterogeneity_ci_scenarios,115.9
heterogeneity,beta,0.07,central,1000000,common_random_numbers_for_heterogeneity_ci_scenarios,117.3
heterogeneity,beta,0.07,beta_ci_lower,1000000,common_random_numbers_for_heterogeneity_ci_scenarios,116.6000100000063
heterogeneity,beta,0.07,beta_ci_upper,1000000,common_random_numbers_for_heterogeneity_ci_scenarios,118.2
heterogeneity,beta,0.08,central,1000000,common_random_numbers_for_heterogeneity_ci_scenarios,119.8000100000063
heterogeneity,beta,0.08,beta_ci_lower,1000000,common_random_numbers_for_heterogeneity_ci_scenarios,118.9
heterogeneity,beta,0.08,beta_ci_upper,1000000,common_random_numbers_for_heterogeneity_ci_scenarios,121.1
heterogeneity,beta,0.09,central,1000000,common_random_numbers_for_heterogeneity_ci_scenarios,122.4
heterogeneity,beta,0.09,beta_ci_lower,1000000,common_random_numbers_for_heterogeneity_ci_scenarios,121.6
heterogeneity,beta,0.09,beta_ci_upper,1000000,common_random_numbers_for_heterogeneity_ci_scenarios,123.5
heterogeneity,beta,0.1,central,1000000,common_random_numbers_for_heterogeneity_ci_scenarios,125.4
heterogeneity,beta,0.1,beta_ci_lower,1000000,common_random_numbers_for_heterogeneity_ci_scenarios,123.9
heterogeneity,beta,0.1,beta_ci_upper,1000000,common_random_numbers_for_heterogeneity_ci_scenarios,126.7
heterogeneity,beta,0.11,central,1000000,common_random_numbers_for_heterogeneity_ci_scenarios,128.3
heterogeneity,beta,0.11,beta_ci_lower,1000000,common_random_numbers_for_heterogeneity_ci_scenarios,127.2
heterogeneity,beta,0.11,beta_ci_upper,1000000,common_random_numbers_for_heterogeneity_ci_scenarios,129.4
heterogeneity,beta,0.12,central,1000000,common_random_numbers_for_heterogeneity_ci_scenarios,131.1
heterogeneity,beta,0.12,beta_ci_lower,1000000,common_random_numbers_for_heterogeneity_ci_scenarios,130.0
heterogeneity,beta,0.12,beta_ci_upper,1000000,common_random_numbers_for_heterogeneity_ci_scenarios,132.8
heterogeneity,beta,0.13,central,1000000,common_random_numbers_for_heterogeneity_ci_scenarios,134.00001000000628
heterogeneity,beta,0.13,beta_ci_lower,1000000,common_random_numbers_for_heterogeneity_ci_scenarios,132.2
heterogeneity,beta,0.13,beta_ci_upper,1000000,common_random_numbers_for_heterogeneity_ci_scenarios,135.4
heterogeneity,beta,0.14,central,1000000,common_random_numbers_for_heterogeneity_ci_scenarios,137.5
heterogeneity,beta,0.14,beta_ci_lower,1000000,common_random_numbers_for_heterogeneity_ci_scenarios,135.7
heterogeneity,beta,0.14,beta_ci_upper,1000000,common_random_numbers_for_heterogeneity_ci_scenarios,137.9000200000126
heterogeneity,beta,0.15,central,1000000,common_random_numbers_for_heterogeneity_ci_scenarios,139.6
heterogeneity,beta,0.15,beta_ci_lower,1000000,common_random_numbers_for_heterogeneity_ci_scenarios,138.4
heterogeneity,beta,0.15,beta_ci_upper,1000000,common_random_numbers_for_heterogeneity_ci_scenarios,140.9
heterogeneity,beta,0.16,central,1000000,common_random_numbers_for_heterogeneity_ci_scenarios,143.6
heterogeneity,beta,0.16,beta_ci_lower,1000000,common_random_numbers_for_heterogeneity_ci_scenarios,142.00001000000628
heterogeneity,beta,0.16,beta_ci_upper,1000000,common_random_numbers_for_heterogeneity_ci_scenarios,143.8000100000063
heterogeneity,beta,0.17,central,1000000,common_random_numbers_for_heterogeneity_ci_scenarios,146.1
heterogeneity,beta,0.17,beta_ci_lower,1000000,common_random_numbers_for_heterogeneity_ci_scenarios,144.5
heterogeneity,beta,0.17,beta_ci_upper,1000000,common_random_numbers_for_heterogeneity_ci_scenarios,146.7
heterogeneity,beta,0.18,central,1000000,common_random_numbers_for_heterogeneity_ci_scenarios,149.6
heterogeneity,beta,0.18,beta_ci_lower,1000000,common_random_numbers_for_heterogeneity_ci_scenarios,148.3
heterogeneity,beta,0.18,beta_ci_upper,1000000,common_random_numbers_for_heterogeneity_ci_scenarios,150.6
heterogeneity,beta,0.19,central,1000000,common_random_numbers_for_heterogeneity_ci_scenarios,151.70001000000627
heterogeneity,beta,0.19,beta_ci_lower,1000000,common_random_numbers_for_heterogeneity_ci_scenarios,150.5
heterogeneity,beta,0.19,beta_ci_upper,1000000,common_random_numbers_for_heterogeneity_ci_scenarios,154.1
heterogeneity,beta,0.2,central,1000000,common_random_numbers_for_heterogeneity_ci_scenarios,155.1
heterogeneity,beta,0.2,beta_ci_lower,1000000,common_random_numbers_for_heterogeneity_ci_scenarios,154.2
heterogeneity,beta,0.2,beta_ci_upper,1000000,common_random_numbers_for_heterogeneity_ci_scenarios,156.9
heterogeneity,Xc,0.0,central,1000000,common_random_numbers_for_heterogeneity_ci_scenarios,106.3
heterogeneity,Xc,0.0,Xc_ci_lower,1000000,common_random_numbers_for_heterogeneity_ci_scenarios,105.9
heterogeneity,Xc,0.0,Xc_ci_upper,1000000,common_random_numbers_for_heterogeneity_ci_scenarios,106.7
heterogeneity,Xc,0.01,central,1000000,common_random_numbers_for_heterogeneity_ci_scenarios,106.1
heterogeneity,Xc,0.01,Xc_ci_lower,1000000,common_random_numbers_for_heterogeneity_ci_scenarios,106.1
heterogeneity,Xc,0.01,Xc_ci_upper,1000000,common_random_numbers_for_heterogeneity_ci_scenarios,106.5
heterogeneity,Xc,0.02,central,1000000,common_random_numbers_for_heterogeneity_ci_scenarios,106.6
heterogeneity,Xc,0.02,Xc_ci_lower,1000000,common_random_numbers_for_heterogeneity_ci_scenarios,105.8
heterogeneity,Xc,0.02,Xc_ci_upper,1000000,common_random_numbers_for_heterogeneity_ci_scenarios,106.9
heterogeneity,Xc,0.03,central,1000000,common_random_numbers_for_heterogeneity_ci_scenarios,106.4
heterogeneity,Xc,0.03,Xc_ci_lower,1000000,common_random_numbers_for_heterogeneity_ci_scenarios,106.1
heterogeneity,Xc,0.03,Xc_ci_upper,1000000,common_random_numbers_for_heterogeneity_ci_scenarios,106.9000100000063
heterogeneity,Xc,0.04,central,1000000,common_random_numbers_for_heterogeneity_ci_scenarios,106.6
heterogeneity,Xc,0.04,Xc_ci_lower,1000000,common_random_numbers_for_heterogeneity_ci_scenarios,106.2
heterogeneity,Xc,0.04,Xc_ci_upper,1000000,common_random_numbers_for_heterogeneity_ci_scenarios,107.1
heterogeneity,Xc,0.05,central,1000000,common_random_numbers_for_heterogeneity_ci_scenarios,107.0
heterogeneity,Xc,0.05,Xc_ci_lower,1000000,common_random_numbers_for_heterogeneity_ci_scenarios,106.4000100000063
heterogeneity,Xc,0.05,Xc_ci_upper,1000000,common_random_numbers_for_heterogeneity_ci_scenarios,107.0
heterogeneity,Xc,0.06,central,1000000,common_random_numbers_for_heterogeneity_ci_scenarios,107.0
heterogeneity,Xc,0.06,Xc_ci_lower,1000000,common_random_numbers_for_heterogeneity_ci_scenarios,106.9
heterogeneity,Xc,0.06,Xc_ci_upper,1000000,common_random_numbers_for_heterogeneity_ci_scenarios,107.9
heterogeneity,Xc,0.07,central,1000000,common_random_numbers_for_heterogeneity_ci_scenarios,107.3
heterogeneity,Xc,0.07,Xc_ci_lower,1000000,common_random_numbers_for_heterogeneity_ci_scenarios,107.1
heterogeneity,Xc,0.07,Xc_ci_upper,1000000,common_random_numbers_for_heterogeneity_ci_scenarios,107.9
heterogeneity,Xc,0.08,central,1000000,common_random_numbers_for_heterogeneity_ci_scenarios,107.6000100000063
heterogeneity,Xc,0.08,Xc_ci_lower,1000000,common_random_numbers_for_heterogeneity_ci_scenarios,107.3
heterogeneity,Xc,0.08,Xc_ci_upper,1000000,common_random_numbers_for_heterogeneity_ci_scenarios,108.2
heterogeneity,Xc,0.09,central,1000000,common_random_numbers_for_heterogeneity_ci_scenarios,107.8
heterogeneity,Xc,0.09,Xc_ci_lower,1000000,common_random_numbers_for_heterogeneity_ci_scenarios,107.3
heterogeneity,Xc,0.09,Xc_ci_upper,1000000,common_random_numbers_for_heterogeneity_ci_scenarios,108.2
heterogeneity,Xc,0.1,central,1000000,common_random_numbers_for_heterogeneity_ci_scenarios,108.2
heterogeneity,Xc,0.1,Xc_ci_lower,1000000,common_random_numbers_for_heterogeneity_ci_scenarios,107.9000100000063
heterogeneity,Xc,0.1,Xc_ci_upper,1000000,common_random_numbers_for_heterogeneity_ci_scenarios,108.7000100000063
heterogeneity,Xc,0.11,central,1000000,common_random_numbers_for_heterogeneity_ci_scenarios,108.5
heterogeneity,Xc,0.11,Xc_ci_lower,1000000,common_random_numbers_for_heterogeneity_ci_scenarios,108.0
heterogeneity,Xc,0.11,Xc_ci_upper,1000000,common_random_numbers_for_heterogeneity_ci_scenarios,108.9
heterogeneity,Xc,0.12,central,1000000,common_random_numbers_for_heterogeneity_ci_scenarios,108.8
heterogeneity,Xc,0.12,Xc_ci_lower,1000000,common_random_numbers_for_heterogeneity_ci_scenarios,108.3
heterogeneity,Xc,0.12,Xc_ci_upper,1000000,common_random_numbers_for_heterogeneity_ci_scenarios,109.0
heterogeneity,Xc,0.13,central,1000000,common_random_numbers_for_heterogeneity_ci_scenarios,109.1
heterogeneity,Xc,0.13,Xc_ci_lower,1000000,common_random_numbers_for_heterogeneity_ci_scenarios,108.6
heterogeneity,Xc,0.13,Xc_ci_upper,1000000,common_random_numbers_for_heterogeneity_ci_scenarios,109.5
heterogeneity,Xc,0.14,central,1000000,common_random_numbers_for_heterogeneity_ci_scenarios,109.4000100000063
heterogeneity,Xc,0.14,Xc_ci_lower,1000000,common_random_numbers_for_heterogeneity_ci_scenarios,109.3
heterogeneity,Xc,0.14,Xc_ci_upper,1000000,common_random_numbers_for_heterogeneity_ci_scenarios,109.6
heterogeneity,Xc,0.15,central,1000000,common_random_numbers_for_heterogeneity_ci_scenarios,109.6
heterogeneity,Xc,0.15,Xc_ci_lower,1000000,common_random_numbers_for_heterogeneity_ci_scenarios,109.4
heterogeneity,Xc,0.15,Xc_ci_upper,1000000,common_random_numbers_for_heterogeneity_ci_scenarios,109.8
heterogeneity,Xc,0.16,central,1000000,common_random_numbers_for_heterogeneity_ci_scenarios,109.8000100000063
heterogeneity,Xc,0.16,Xc_ci_lower,1000000,common_random_numbers_for_heterogeneity_ci_scenarios,109.7000100000063
heterogeneity,Xc,0.16,Xc_ci_upper,1000000,common_random_numbers_for_heterogeneity_ci_scenarios,110.1
heterogeneity,Xc,0.17,central,1000000,common_random_numbers_for_heterogeneity_ci_scenarios,110.2
heterogeneity,Xc,0.17,Xc_ci_lower,1000000,common_random_numbers_for_heterogeneity_ci_scenarios,109.8
heterogeneity,Xc,0.17,Xc_ci_upper,1000000,common_random_numbers_for_heterogeneity_ci_scenarios,110.5
heterogeneity,Xc,0.18,central,1000000,common_random_numbers_for_heterogeneity_ci_scenarios,110.4
heterogeneity,Xc,0.18,Xc_ci_lower,1000000,common_random_numbers_for_heterogeneity_ci_scenarios,110.1
heterogeneity,Xc,0.18,Xc_ci_upper,1000000,common_random_numbers_for_heterogeneity_ci_scenarios,110.6
heterogeneity,Xc,0.19,central,1000000,common_random_numbers_for_heterogeneity_ci_scenarios,110.9
heterogeneity,Xc,0.19,Xc_ci_lower,1000000,common_random_numbers_for_heterogeneity_ci_scenarios,110.4
heterogeneity,Xc,0.19,Xc_ci_upper,1000000,common_random_numbers_for_heterogeneity_ci_scenarios,110.7000100000063
heterogeneity,Xc,0.2,central,1000000,common_random_numbers_for_heterogeneity_ci_scenarios,111.0
heterogeneity,Xc,0.2,Xc_ci_lower,1000000,common_random_numbers_for_heterogeneity_ci_scenarios,110.5
heterogeneity,Xc,0.2,Xc_ci_upper,1000000,common_random_numbers_for_heterogeneity_ci_scenarios,111.2
heterogeneity,epsilon,0.0,central,1000000,common_random_numbers_for_heterogeneity_ci_scenarios,106.3
heterogeneity,epsilon,0.0,epsilon_ci_lower,1000000,common_random_numbers_for_heterogeneity_ci_scenarios,106.4
heterogeneity,epsilon,0.0,epsilon_ci_upper,1000000,common_random_numbers_for_heterogeneity_ci_scenarios,106.3
heterogeneity,epsilon,0.01,central,1000000,common_random_numbers_for_heterogeneity_ci_scenarios,106.4
heterogeneity,epsilon,0.01,epsilon_ci_lower,1000000,common_random_numbers_for_heterogeneity_ci_scenarios,106.4
heterogeneity,epsilon,0.01,epsilon_ci_upper,1000000,common_random_numbers_for_heterogeneity_ci_scenarios,106.1
heterogeneity,epsilon,0.02,central,1000000,common_random_numbers_for_heterogeneity_ci_scenarios,106.3000100000063
heterogeneity,epsilon,0.02,epsilon_ci_lower,1000000,common_random_numbers_for_heterogeneity_ci_scenarios,106.3
heterogeneity,epsilon,0.02,epsilon_ci_upper,1000000,common_random_numbers_for_heterogeneity_ci_scenarios,106.1
heterogeneity,epsilon,0.03,central,1000000,common_random_numbers_for_heterogeneity_ci_scenarios,106.2
heterogeneity,epsilon,0.03,epsilon_ci_lower,1000000,common_random_numbers_for_heterogeneity_ci_scenarios,106.6
heterogeneity,epsilon,0.03,epsilon_ci_upper,1000000,common_random_numbers_for_heterogeneity_ci_scenarios,106.3
heterogeneity,epsilon,0.04,central,1000000,common_random_numbers_for_heterogeneity_ci_scenarios,106.5
heterogeneity,epsilon,0.04,epsilon_ci_lower,1000000,common_random_numbers_for_heterogeneity_ci_scenarios,106.4
heterogeneity,epsilon,0.04,epsilon_ci_upper,1000000,common_random_numbers_for_heterogeneity_ci_scenarios,106.5
heterogeneity,epsilon,0.05,central,1000000,common_random_numbers_for_heterogeneity_ci_scenarios,106.4
heterogeneity,epsilon,0.05,epsilon_ci_lower,1000000,common_random_numbers_for_heterogeneity_ci_scenarios,106.6
heterogeneity,epsilon,0.05,epsilon_ci_upper,1000000,common_random_numbers_for_heterogeneity_ci_scenarios,106.2
heterogeneity,epsilon,0.06,central,1000000,common_random_numbers_for_heterogeneity_ci_scenarios,106.2
heterogeneity,epsilon,0.06,epsilon_ci_lower,1000000,common_random_numbers_for_heterogeneity_ci_scenarios,106.4
heterogeneity,epsilon,0.06,epsilon_ci_upper,1000000,common_random_numbers_for_heterogeneity_ci_scenarios,106.3
heterogeneity,epsilon,0.07,central,1000000,common_random_numbers_for_heterogeneity_ci_scenarios,106.6
heterogeneity,epsilon,0.07,epsilon_ci_lower,1000000,common_random_numbers_for_heterogeneity_ci_scenarios,106.7
heterogeneity,epsilon,0.07,epsilon_ci_upper,1000000,common_random_numbers_for_heterogeneity_ci_scenarios,106.4000100000063
heterogeneity,epsilon,0.08,central,1000000,common_random_numbers_for_heterogeneity_ci_scenarios,106.7
heterogeneity,epsilon,0.08,epsilon_ci_lower,1000000,common_random_numbers_for_heterogeneity_ci_scenarios,106.6
heterogeneity,epsilon,0.08,epsilon_ci_upper,1000000,common_random_numbers_for_heterogeneity_ci_scenarios,106.6
heterogeneity,epsilon,0.09,central,1000000,common_random_numbers_for_heterogeneity_ci_scenarios,106.8
heterogeneity,epsilon,0.09,epsilon_ci_lower,1000000,common_random_numbers_for_heterogeneity_ci_scenarios,106.7
heterogeneity,epsilon,0.09,epsilon_ci_upper,1000000,common_random_numbers_for_heterogeneity_ci_scenarios,106.3000100000063
heterogeneity,epsilon,0.1,central,1000000,common_random_numbers_for_heterogeneity_ci_scenarios,106.6000100000063
heterogeneity,epsilon,0.1,epsilon_ci_lower,1000000,common_random_numbers_for_heterogeneity_ci_scenarios,106.7
heterogeneity,epsilon,0.1,epsilon_ci_upper,1000000,common_random_numbers_for_heterogeneity_ci_scenarios,106.6
heterogeneity,epsilon,0.11,central,1000000,common_random_numbers_for_heterogeneity_ci_scenarios,106.7
heterogeneity,epsilon,0.11,epsilon_ci_lower,1000000,common_random_numbers_for_heterogeneity_ci_scenarios,106.7000100000063
heterogeneity,epsilon,0.11,epsilon_ci_upper,1000000,common_random_numbers_for_heterogeneity_ci_scenarios,106.8
heterogeneity,epsilon,0.12,central,1000000,common_random_numbers_for_heterogeneity_ci_scenarios,107.0
heterogeneity,epsilon,0.12,epsilon_ci_lower,1000000,common_random_numbers_for_heterogeneity_ci_scenarios,107.1
heterogeneity,epsilon,0.12,epsilon_ci_upper,1000000,common_random_numbers_for_heterogeneity_ci_scenarios,106.9
heterogeneity,epsilon,0.13,central,1000000,common_random_numbers_for_heterogeneity_ci_scenarios,106.8
heterogeneity,epsilon,0.13,epsilon_ci_lower,1000000,common_random_numbers_for_heterogeneity_ci_scenarios,106.9000100000063
heterogeneity,epsilon,0.13,epsilon_ci_upper,1000000,common_random_numbers_for_heterogeneity_ci_scenarios,107.1
heterogeneity,epsilon,0.14,central,1000000,common_random_numbers_for_heterogeneity_ci_scenarios,106.9
heterogeneity,epsilon,0.14,epsilon_ci_lower,1000000,common_random_numbers_for_heterogeneity_ci_scenarios,106.9
heterogeneity,epsilon,0.14,epsilon_ci_upper,1000000,common_random_numbers_for_heterogeneity_ci_scenarios,106.6
heterogeneity,epsilon,0.15,central,1000000,common_random_numbers_for_heterogeneity_ci_scenarios,107.0
heterogeneity,epsilon,0.15,epsilon_ci_lower,1000000,common_random_numbers_for_heterogeneity_ci_scenarios,107.0000100000063
heterogeneity,epsilon,0.15,epsilon_ci_upper,1000000,common_random_numbers_for_heterogeneity_ci_scenarios,106.9
heterogeneity,epsilon,0.16,central,1000000,common_random_numbers_for_heterogeneity_ci_scenarios,107.1
heterogeneity,epsilon,0.16,epsilon_ci_lower,1000000,common_random_numbers_for_heterogeneity_ci_scenarios,107.2
heterogeneity,epsilon,0.16,epsilon_ci_upper,1000000,common_random_numbers_for_heterogeneity_ci_scenarios,107.2
heterogeneity,epsilon,0.17,central,1000000,common_random_numbers_for_heterogeneity_ci_scenarios,107.2
heterogeneity,epsilon,0.17,epsilon_ci_lower,1000000,common_random_numbers_for_heterogeneity_ci_scenarios,107.2
heterogeneity,epsilon,0.17,epsilon_ci_upper,1000000,common_random_numbers_for_heterogeneity_ci_scenarios,107.1
heterogeneity,epsilon,0.18,central,1000000,common_random_numbers_for_heterogeneity_ci_scenarios,107.3
heterogeneity,epsilon,0.18,epsilon_ci_lower,1000000,common_random_numbers_for_heterogeneity_ci_scenarios,107.5
heterogeneity,epsilon,0.18,epsilon_ci_upper,1000000,common_random_numbers_for_heterogeneity_ci_scenarios,107.5
heterogeneity,epsilon,0.19,central,1000000,common_random_numbers_for_heterogeneity_ci_scenarios,107.4
heterogeneity,epsilon,0.19,epsilon_ci_lower,1000000,common_random_numbers_for_heterogeneity_ci_scenarios,107.6
heterogeneity,epsilon,0.19,epsilon_ci_upper,1000000,common_random_numbers_for_heterogeneity_ci_scenarios,107.2
heterogeneity,epsilon,0.2,central,1000000,common_random_numbers_for_heterogeneity_ci_scenarios,107.5
heterogeneity,epsilon,0.2,epsilon_ci_lower,1000000,common_random_numbers_for_heterogeneity_ci_scenarios,107.5
heterogeneity,epsilon,0.2,epsilon_ci_upper,1000000,common_random_numbers_for_heterogeneity_ci_scenarios,107.5
factor,eta,0.85,central,1000000,common_random_numbers_for_factor_ci_scenarios,122.9
factor,eta,0.85,eta_ci_lower,1000000,common_random_numbers_for_factor_ci_scenarios,124.0
factor,eta,0.85,eta_ci_upper,1000000,common_random_numbers_for_factor_ci_scenarios,122.0
factor,eta,0.9,central,1000000,common_random_numbers_for_factor_ci_scenarios,116.6
factor,eta,0.9,eta_ci_lower,1000000,common_random_numbers_for_factor_ci_scenarios,117.7
factor,eta,0.9,eta_ci_upper,1000000,common_random_numbers_for_factor_ci_scenarios,115.7
factor,eta,0.95,central,1000000,common_random_numbers_for_factor_ci_scenarios,111.5
factor,eta,0.95,eta_ci_lower,1000000,common_random_numbers_for_factor_ci_scenarios,112.2
factor,eta,0.95,eta_ci_upper,1000000,common_random_numbers_for_factor_ci_scenarios,110.4
factor,eta,1.0,central,1000000,common_random_numbers_for_factor_ci_scenarios,106.3
factor,eta,1.0,eta_ci_lower,1000000,common_random_numbers_for_factor_ci_scenarios,107.2
factor,eta,1.0,eta_ci_upper,1000000,common_random_numbers_for_factor_ci_scenarios,105.4
factor,eta,1.05,central,1000000,common_random_numbers_for_factor_ci_scenarios,101.8
factor,eta,1.05,eta_ci_lower,1000000,common_random_numbers_for_factor_ci_scenarios,102.5
factor,eta,1.05,eta_ci_upper,1000000,common_random_numbers_for_factor_ci_scenarios,100.9
factor,eta,1.1,central,1000000,common_random_numbers_for_factor_ci_scenarios,97.7
factor,eta,1.1,eta_ci_lower,1000000,common_random_numbers_for_factor_ci_scenarios,98.1
factor,eta,1.1,eta_ci_upper,1000000,common_random_numbers_for_factor_ci_scenarios,96.9
factor,eta,1.15,central,1000000,common_random_numbers_for_factor_ci_scenarios,93.9
factor,eta,1.15,eta_ci_lower,1000000,common_random_numbers_for_factor_ci_scenarios,94.3
factor,eta,1.15,eta_ci_upper,1000000,common_random_numbers_for_factor_ci_scenarios,93.3
factor,beta,0.85,central,1000000,common_random_numbers_for_factor_ci_scenarios,92.5
factor,beta,0.85,beta_ci_lower,1000000,common_random_numbers_for_factor_ci_scenarios,91.6
factor,beta,0.85,beta_ci_upper,1000000,common_random_numbers_for_factor_ci_scenarios,93.4
factor,beta,0.9,central,1000000,common_random_numbers_for_factor_ci_scenarios,97.0
factor,beta,0.9,beta_ci_lower,1000000,common_random_numbers_for_factor_ci_scenarios,96.6
factor,beta,0.9,beta_ci_upper,1000000,common_random_numbers_for_factor_ci_scenarios,98.0
factor,beta,0.95,central,1000000,common_random_numbers_for_factor_ci_scenarios,101.8
factor,beta,0.95,beta_ci_lower,1000000,common_random_numbers_for_factor_ci_scenarios,101.1000100000063
factor,beta,0.95,beta_ci_upper,1000000,common_random_numbers_for_factor_ci_scenarios,102.4
factor,beta,1.0,central,1000000,common_random_numbers_for_factor_ci_scenarios,106.3
factor,beta,1.0,beta_ci_lower,1000000,common_random_numbers_for_factor_ci_scenarios,105.5
factor,beta,1.0,beta_ci_upper,1000000,common_random_numbers_for_factor_ci_scenarios,107.1000100000063
factor,beta,1.05,central,1000000,common_random_numbers_for_factor_ci_scenarios,110.8
factor,beta,1.05,beta_ci_lower,1000000,common_random_numbers_for_factor_ci_scenarios,110.1
factor,beta,1.05,beta_ci_upper,1000000,common_random_numbers_for_factor_ci_scenarios,111.7
factor,beta,1.1,central,1000000,common_random_numbers_for_factor_ci_scenarios,115.5
factor,beta,1.1,beta_ci_lower,1000000,common_random_numbers_for_factor_ci_scenarios,114.6
factor,beta,1.1,beta_ci_upper,1000000,common_random_numbers_for_factor_ci_scenarios,116.3
factor,beta,1.15,central,1000000,common_random_numbers_for_factor_ci_scenarios,119.7
factor,beta,1.15,beta_ci_lower,1000000,common_random_numbers_for_factor_ci_scenarios,118.9
factor,beta,1.15,beta_ci_upper,1000000,common_random_numbers_for_factor_ci_scenarios,121.0000100000063
factor,Xc,0.85,central,1000000,common_random_numbers_for_factor_ci_scenarios,101.3
factor,Xc,0.85,Xc_ci_lower,1000000,common_random_numbers_for_factor_ci_scenarios,100.6000100000063
factor,Xc,0.85,Xc_ci_upper,1000000,common_random_numbers_for_factor_ci_scenarios,101.5
factor,Xc,0.9,central,1000000,common_random_numbers_for_factor_ci_scenarios,103.1000100000063
factor,Xc,0.9,Xc_ci_lower,1000000,common_random_numbers_for_factor_ci_scenarios,102.3
factor,Xc,0.9,Xc_ci_upper,1000000,common_random_numbers_for_factor_ci_scenarios,103.3
factor,Xc,0.95,central,1000000,common_random_numbers_for_factor_ci_scenarios,105.2
factor,Xc,0.95,Xc_ci_lower,1000000,common_random_numbers_for_factor_ci_scenarios,104.6
factor,Xc,0.95,Xc_ci_upper,1000000,common_random_numbers_for_factor_ci_scenarios,105.2
factor,Xc,1.0,central,1000000,common_random_numbers_for_factor_ci_scenarios,106.3
factor,Xc,1.0,Xc_ci_lower,1000000,common_random_numbers_for_factor_ci_scenarios,105.9
factor,Xc,1.0,Xc_ci_upper,1000000,common_random_numbers_for_factor_ci_scenarios,106.6
factor,Xc,1.05,central,1000000,common_random_numbers_for_factor_ci_scenarios,107.7
factor,Xc,1.05,Xc_ci_lower,1000000,common_random_numbers_for_factor_ci_scenarios,107.2
factor,Xc,1.05,Xc_ci_upper,1000000,common_random_numbers_for_factor_ci_scenarios,107.9
factor,Xc,1.1,central,1000000,common_random_numbers_for_factor_ci_scenarios,108.7000100000063
factor,Xc,1.1,Xc_ci_lower,1000000,common_random_numbers_for_factor_ci_scenarios,108.3
factor,Xc,1.1,Xc_ci_upper,1000000,common_random_numbers_for_factor_ci_scenarios,109.2
factor,Xc,1.15,central,1000000,common_random_numbers_for_factor_ci_scenarios,109.8
factor,Xc,1.15,Xc_ci_lower,1000000,common_random_numbers_for_factor_ci_scenarios,109.6
factor,Xc,1.15,Xc_ci_upper,1000000,common_random_numbers_for_factor_ci_scenarios,110.1000100000063
factor,epsilon,0.85,central,1000000,common_random_numbers_for_factor_ci_scenarios,107.8
factor,epsilon,0.85,epsilon_ci_lower,1000000,common_random_numbers_for_factor_ci_scenarios,107.9
factor,epsilon,0.85,epsilon_ci_upper,1000000,common_random_numbers_for_factor_ci_scenarios,107.6
factor,epsilon,0.9,central,1000000,common_random_numbers_for_factor_ci_scenarios,107.4
factor,epsilon,0.9,epsilon_ci_lower,1000000,common_random_numbers_for_factor_ci_scenarios,107.3
factor,epsilon,0.9,epsilon_ci_upper,1000000,common_random_numbers_for_factor_ci_scenarios,107.1
factor,epsilon,0.95,central,1000000,common_random_numbers_for_factor_ci_scenarios,106.9
factor,epsilon,0.95,epsilon_ci_lower,1000000,common_random_numbers_for_factor_ci_scenarios,106.7
factor,epsilon,0.95,epsilon_ci_upper,1000000,common_random_numbers_for_factor_ci_scenarios,106.7000100000063
factor,epsilon,1.0,central,1000000,common_random_numbers_for_factor_ci_scenarios,106.3
factor,epsilon,1.0,epsilon_ci_lower,1000000,common_random_numbers_for_factor_ci_scenarios,106.2
factor,epsilon,1.0,epsilon_ci_upper,1000000,common_random_numbers_for_factor_ci_scenarios,106.0
factor,epsilon,1.05,central,1000000,common_random_numbers_for_factor_ci_scenarios,105.8
factor,epsilon,1.05,epsilon_ci_lower,1000000,common_random_numbers_for_factor_ci_scenarios,105.8
factor,epsilon,1.05,epsilon_ci_upper,1000000,common_random_numbers_for_factor_ci_scenarios,105.5
factor,epsilon,1.1,central,1000000,common_random_numbers_for_factor_ci_scenarios,105.1
factor,epsilon,1.1,epsilon_ci_lower,1000000,common_random_numbers_for_factor_ci_scenarios,105.2
factor,epsilon,1.1,epsilon_ci_upper,1000000,common_random_numbers_for_factor_ci_scenarios,105.0
factor,epsilon,1.15,central,1000000,common_random_numbers_for_factor_ci_scenarios,104.5
factor,epsilon,1.15,epsilon_ci_lower,1000000,common_random_numbers_for_factor_ci_scenarios,104.6
factor,epsilon,1.15,epsilon_ci_upper,1000000,common_random_numbers_for_factor_ci_scenarios,104.5
