panel,param,value,scenario_id,n_sim,seed_method,max_lifespan,heterogeneity_percent
heterogeneity,eta,0.0,central,1000000,common_random_numbers_for_heterogeneity_ci_scenarios,106.3,0.0
heterogeneity,eta,0.01,central,1000000,common_random_numbers_for_heterogeneity_ci_scenarios,106.6000100000063,1.0
heterogeneity,eta,0.02,central,1000000,common_random_numbers_for_heterogeneity_ci_scenarios,107.6,2.0
heterogeneity,eta,0.03,central,1000000,common_random_numbers_for_heterogeneity_ci_scenarios,109.5000100000063,3.0
heterogeneity,eta,0.04,central,1000000,common_random_numbers_for_heterogeneity_ci_scenarios,111.4,4.0
heterogeneity,eta,0.05,central,1000000,common_random_numbers_for_heterogeneity_ci_scenarios,114.2,5.0
heterogeneity,eta,0.06,central,1000000,common_random_numbers_for_heterogeneity_ci_scenarios,117.0000100000063,6.0
heterogeneity,eta,0.07,central,1000000,common_random_numbers_for_heterogeneity_ci_scenarios,121.5,7.000000000000001
heterogeneity,eta,0.08,central,1000000,common_random_numbers_for_heterogeneity_ci_scenarios,125.7,8.0
heterogeneity,eta,0.09,central,1000000,common_random_numbers_for_heterogeneity_ci_scenarios,130.9,9.0
heterogeneity,eta,0.1,central,1000000,common_random_numbers_for_heterogeneity_ci_scenarios,137.3000100000063,10.0
heterogeneity,eta,0.11,central,1000000,common_random_numbers_for_heterogeneity_ci_scenarios,142.9000200000126,11.0
heterogeneity,eta,0.12,central,1000000,common_random_numbers_for_heterogeneity_ci_scenarios,150.9000100000063,12.0
heterogeneity,eta,0.13,central,1000000,common_random_numbers_for_heterogeneity_ci_scenarios,159.00001000000628,13.0
heterogeneity,eta,0.14,central,1000000,common_random_numbers_for_heterogeneity_ci_scenarios,169.4000100000063,14.000000000000002
heterogeneity,eta,0.15,central,1000000,common_random_numbers_for_heterogeneity_ci_scenarios,180.6000200000126,15.0
heterogeneity,eta,0.16,central,1000000,common_random_numbers_for_heterogeneity_ci_scenarios,197.1,16.0
heterogeneity,eta,0.17,central,1000000,common_random_numbers_for_heterogeneity_ci_scenarios,208.4000100000063,17.0
heterogeneity,eta,0.18,central,1000000,common_random_numbers_for_heterogeneity_ci_scenarios,229.70001000000627,18.0
heterogeneity,eta,0.19,central,1000000,common_random_numbers_for_heterogeneity_ci_scenarios,261.5000100000063,19.0
heterogeneity,eta,0.2,central,1000000,common_random_numbers_for_heterogeneity_ci_scenarios,290.8000500000315,20.0
heterogeneity,beta,0.0,central,1000000,common_random_numbers_for_heterogeneity_ci_scenarios,106.3,0.0
heterogeneity,beta,0.01,central,1000000,common_random_numbers_for_heterogeneity_ci_scenarios,106.7,1.0
heterogeneity,beta,0.02,central,1000000,common_random_numbers_for_heterogeneity_ci_scenarios,107.4,2.0
heterogeneity,beta,0.03,central,1000000,common_random_numbers_for_heterogeneity_ci_scenarios,108.9,3.0
heterogeneity,beta,0.04,central,1000000,common_random_numbers_for_heterogeneity_ci_scenarios,110.5,4.0
heterogeneity,beta,0.05,central,1000000,common_random_numbers_for_heterogeneity_ci_scenarios,112.6,5.0
heterogeneity,beta,0.06,central,1000000,common_random_numbers_for_heterogeneity_ci_scenarios,115.1,6.0
heterogeneity,beta,0.07,central,1000000,common_random_numbers_for_heterogeneity_ci_scenarios,117.3,7.000000000000001
heterogeneity,beta,0.08,central,1000000,common_random_numbers_for_heterogeneity_ci_scenarios,119.8000100000063,8.0
heterogeneity,beta,0.09,central,1000000,common_random_numbers_for_heterogeneity_ci_scenarios,122.4,9.0
heterogeneity,beta,0.1,central,1000000,common_random_numbers_for_heterogeneity_ci_scenarios,125.4,10.0
heterogeneity,beta,0.11,central,1000000,common_random_numbers_for_heterogeneity_ci_scenarios,128.3,11.0
heterogeneity,beta,0.12,central,1000000,common_random_numbers_for_heterogeneity_ci_scenarios,131.1,12.0
heterogeneity,beta,0.13,central,1000000,common_random_numbers_for_heterogeneity_ci_scenarios,134.00001000000628,13.0
heterogeneity,beta,0.14,central,1000000,common_random_numbers_for_heterogeneity_ci_scenarios,137.5,14.000000000000002
heterogeneity,beta,0.15,central,1000000,common_random_numbers_for_heterogeneity_ci_scenarios,139.6,15.0
heterogeneity,beta,0.16,central,1000000,common_random_numbers_for_heterogeneity_ci_scenarios,143.6,16.0
heterogeneity,beta,0.17,central,1000000,common_random_numbers_for_heterogeneity_ci_scenarios,146.1,17.0
heterogeneity,beta,0.18,central,1000000,common_random_numbers_for_heterogeneity_ci_scenarios,149.6,18.0
heterogeneity,beta,0.19,central,1000000,common_random_numbers_for_heterogeneity_ci_scenarios,151.70001000000627,19.0
heterogeneity,beta,0.2,central,1000000,common_random_numbers_for_heterogeneity_ci_scenarios,155.1,20.0
heterogeneity,Xc,0.0,central,1000000,common_random_numbers_for_heterogeneity_ci_scenarios,106.3,0.0
heterogeneity,Xc,0.01,central,1000000,common_random_numbers_for_heterogeneity_ci_scenarios,106.1,1.0
heterogeneity,Xc,0.02,central,1000000,common_random_numbers_for_heterogeneity_ci_scenarios,106.6,2.0
heterogeneity,Xc,0.03,central,1000000,common_random_numbers_for_heterogeneity_ci_scenarios,106.4,3.0
heterogeneity,Xc,0.04,central,1000000,common_random_numbers_for_heterogeneity_ci_scenarios,106.6,4.0
heterogeneity,Xc,0.05,central,1000000,common_random_numbers_for_heterogeneity_ci_scenarios,107.0,5.0
heterogeneity,Xc,0.06,central,1000000,common_random_numbers_for_heterogeneity_ci_scenarios,107.0,6.0
heterogeneity,Xc,0.07,central,1000000,common_random_numbers_for_heterogeneity_ci_scenarios,107.3,7.000000000000001
heterogeneity,Xc,0.08,central,1000000,common_random_numbers_for_heterogeneity_ci_scenarios,107.6000100000063,8.0
heterogeneity,Xc,0.09,central,1000000,common_random_numbers_for_heterogeneity_ci_scenarios,107.8,9.0
heterogeneity,Xc,0.1,central,1000000,common_random_numbers_for_heterogeneity_ci_scenarios,108.2,10.0
heterogeneity,Xc,0.11,central,1000000,common_random_numbers_for_heterogeneity_ci_scenarios,108.5,11.0
heterogeneity,Xc,0.12,central,1000000,common_random_numbers_for_heterogeneity_ci_scenarios,108.8,12.0
heterogeneity,Xc,0.13,central,1000000,common_random_numbers_for_heterogeneity_ci_scenarios,109.1,13.0
heterogeneity,Xc,0.14,central,1000000,common_random_numbers_for_heterogeneity_ci_scenarios,109.4000100000063,14.000000000000002
heterogeneity,Xc,0.15,central,1000000,common_random_numbers_for_heterogeneity_ci_scenarios,109.6,15.0
heterogeneity,Xc,0.16,central,1000000,common_random_numbers_for_heterogeneity_ci_scenarios,109.8000100000063,16.0
heterogeneity,Xc,0.17,central,1000000,common_random_numbers_for_heterogeneity_ci_scenarios,110.2,17.0
heterogeneity,Xc,0.18,central,1000000,common_random_numbers_for_heterogeneity_ci_scenarios,110.4,18.0
heterogeneity,Xc,0.19,central,1000000,common_random_numbers_for_heterogeneity_ci_scenarios,110.9,19.0
heterogeneity,Xc,0.2,central,1000000,common_random_numbers_for_heterogeneity_ci_scenarios,111.0,20.0
heterogeneity,epsilon,0.0,central,1000000,common_random_numbers_for_heterogeneity_ci_scenarios,106.3,0.0
heterogeneity,epsilon,0.01,central,1000000,common_random_numbers_for_heterogeneity_ci_scenarios,106.4,1.0
heterogeneity,epsilon,0.02,central,1000000,common_random_numbers_for_heterogeneity_ci_scenarios,106.3000100000063,2.0
heterogeneity,epsilon,0.03,central,1000000,common_random_numbers_for_heterogeneity_ci_scenarios,106.2,3.0
heterogeneity,epsilon,0.04,central,1000000,common_random_numbers_for_heterogeneity_ci_scenarios,106.5,4.0
heterogeneity,epsilon,0.05,central,1000000,common_random_numbers_for_heterogeneity_ci_scenarios,106.4,5.0
heterogeneity,epsilon,0.06,central,1000000,common_random_numbers_for_heterogeneity_ci_scenarios,106.2,6.0
heterogeneity,epsilon,0.07,central,1000000,common_random_numbers_for_heterogeneity_ci_scenarios,106.6,7.000000000000001
heterogeneity,epsilon,0.08,central,1000000,common_random_numbers_for_heterogeneity_ci_scenarios,106.7,8.0
heterogeneity,epsilon,0.09,central,1000000,common_random_numbers_for_heterogeneity_ci_scenarios,106.8,9.0
heterogeneity,epsilon,0.1,central,1000000,common_random_numbers_for_heterogeneity_ci_scenarios,106.6000100000063,10.0
heterogeneity,epsilon,0.11,central,1000000,common_random_numbers_for_heterogeneity_ci_scenarios,106.7,11.0
heterogeneity,epsilon,0.12,central,1000000,common_random_numbers_for_heterogeneity_ci_scenarios,107.0,12.0
heterogeneity,epsilon,0.13,central,1000000,common_random_numbers_for_heterogeneity_ci_scenarios,106.8,13.0
heterogeneity,epsilon,0.14,central,1000000,common_random_numbers_for_heterogeneity_ci_scenarios,106.9,14.000000000000002
heterogeneity,epsilon,0.15,central,1000000,common_random_numbers_for_heterogeneity_ci_scenarios,107.0,15.0
heterogeneity,epsilon,0.16,central,1000000,common_random_numbers_for_heterogeneity_ci_scenarios,107.1,16.0
heterogeneity,epsilon,0.17,central,1000000,common_random_numbers_for_heterogeneity_ci_scenarios,107.2,17.0
heterogeneity,epsilon,0.18,central,1000000,common_random_numbers_for_heterogeneity_ci_scenarios,107.3,18.0
heterogeneity,epsilon,0.19,central,1000000,common_random_numbers_for_heterogeneity_ci_scenarios,107.4,19.0
heterogeneity,epsilon,0.2,central,1000000,common_random_numbers_for_heterogeneity_ci_scenarios,107.5,20.0
